<?xml version="1.0"?>

<portlet-app xmlns="http://java.sun.com/xml/ns/portlet/portlet-app_2_0.xsd" xmlns:xsi="http://www.w3.org/2001/XMLSchema-instance" xsi:schemaLocation="http://java.sun.com/xml/ns/portlet/portlet-app_2_0.xsd http://java.sun.com/xml/ns/portlet/portlet-app_2_0.xsd" version="2.0">
	<portlet>
		<portlet-name>SIT.DirectTransport</portlet-name>
		<display-name>Direct Transport Portlet</display-name>
		<portlet-class>com.liferay.util.bridges.mvc.MVCPortlet</portlet-class>
		<init-param>
			<name>view-template</name>
			<value>/view.jsp</value>
		</init-param>
		<init-param>
	        <name>config-jsp</name>
	        <value>/Configuration.jsp</value>
    	</init-param>
		<expiration-cache>0</expiration-cache>
		<supports>
			<mime-type>text/html</mime-type>
		</supports>
		<portlet-info>
			<title>Direct Transport Portlet</title>
			<short-title>Direct Transport Portlet</short-title>
			<keywords>Direct Transport Portlet</keywords>
		</portlet-info>
        <portlet-preferences>
            <preference>
                <name>Directfromendpoint</name>
                <value>provider1@direct.sitplatform.org</value>
            </preference>
            <preference>
                <name>SMTPserverhostname</name>
                <value>direct.sitplatform.org</value>
            </preference>
            <preference>
                <name>SMTPserverport</name>
                <value>25</value>
            </preference>
            <preference>
                <name>SMTPauthusername</name>
                <value>provider1</value>
            </preference>
            <preference>
                <name>SMTPauthpassword</name>
                <value>8sUNwy/nLdJVkowQnbnztQ==</value>
            </preference>
            <preference>
                <name>EnableSSL</name>
                <value>false</value>
            </preference>
        </portlet-preferences>
		<security-role-ref>
			<role-name>administrator</role-name>
		</security-role-ref>
		<security-role-ref>
			<role-name>guest</role-name>
		</security-role-ref>
		<security-role-ref>
			<role-name>power-user</role-name>
		</security-role-ref>
		<security-role-ref>
			<role-name>user</role-name>
		</security-role-ref>
	</portlet>
</portlet-app>