<?xml version="1.0"?>
<!DOCTYPE liferay-portlet-app PUBLIC "-//Liferay//DTD Portlet Application 6.1.0//EN" "http://www.liferay.com/dtd/liferay-portlet-app_6_1_0.dtd">

<liferay-portlet-app>
	<portlet>
		<portlet-name>CCDValidator</portlet-name>
		<icon>/icon.png</icon>
		<instanceable>true</instanceable>
		<private-session-attributes>false</private-session-attributes>
		<header-portlet-css>/css/main.css</header-portlet-css>
		<!-- 
		<header-portlet-css>http://ajax.googleapis.com/ajax/libs/jqueryui/1.10.2/themes/smoothness/jquery-ui.min.css</header-portlet-css>
		<header-portlet-javascript>http://ajax.googleapis.com/ajax/libs/jquery/1.9.1/jquery.min.js</header-portlet-javascript>
		<header-portlet-javascript>http://ajax.googleapis.com/ajax/libs/jqueryui/1.10.2/jquery-ui.min.js</header-portlet-javascript>
		 -->
		<header-portlet-javascript>/js/jquery.fileDownload.js</header-portlet-javascript>
		<header-portlet-javascript>/js/json2.js</header-portlet-javascript>
		<header-portlet-javascript>/js/jquery.blockUI.js</header-portlet-javascript>
		<footer-portlet-javascript>/js/main.js</footer-portlet-javascript>
		<css-class-wrapper>UploadPortlet-portlet</css-class-wrapper>
	</portlet>
	<role-mapper>
		<role-name>administrator</role-name>
		<role-link>Administrator</role-link>
	</role-mapper>
	<role-mapper>
		<role-name>guest</role-name>
		<role-link>Guest</role-link>
	</role-mapper>
	<role-mapper>
		<role-name>power-user</role-name>
		<role-link>Power User</role-link>
	</role-mapper>
	<role-mapper>
		<role-name>user</role-name>
		<role-link>User</role-link>
	</role-mapper>
</liferay-portlet-app>