<?xml version="1.0"?>

<portlet-app xmlns="http://java.sun.com/xml/ns/portlet/portlet-app_2_0.xsd" xmlns:xsi="http://www.w3.org/2001/XMLSchema-instance" xsi:schemaLocation="http://java.sun.com/xml/ns/portlet/portlet-app_2_0.xsd http://java.sun.com/xml/ns/portlet/portlet-app_2_0.xsd" version="2.0">
	<portlet>
		
		<portlet-name>CCDValidator</portlet-name>
		<display-name>C-CDAValidator</display-name>
		<portlet-class>com.liferay.samples.MyTestPortlet</portlet-class>
		<init-param>
			<name>view-template</name>
			<value>/Upload.jsp</value>
		</init-param>
        <init-param>
            <name>uploadFolder</name>
            <value>C:/Software/liferay-portal-6.1.1-ce-ga2/tomcat-7.0.27/webapps/UploadPortlet-portlet/home/uploads/</value>
        </init-param>
		<expiration-cache>0</expiration-cache>
		<supports>
			<mime-type>text/html</mime-type>
		</supports>
		<portlet-info>
			<title>CCDValidator</title>
			<short-title>CCDValidator</short-title>
			<keywords>CCDValidator</keywords>
		</portlet-info>
		<portlet-preferences>
		    <preference>
		        <name>JsNs</name>
		        <value>ccdavalidator</value>
                <read-only>false</read-only>
		    </preference>
            <preference>
                <name>CcdaUploadServiceUrl</name>
                <value>/library</value>
                <read-only>false</read-only>
            </preference>
            <preference>
                <name>ResultSaveAsServiceUrl</name>
                <value>/SaveCCDAValidationResult</value>
                <read-only>false</read-only>
            </preference>
            <preference>
                <name>SmartCCDAServiceUrl</name>
                <value>/SmartCCDAValidationRelay</value>
                <read-only>false</read-only>
            </preference>
            <preference>
                <name>SmartCCDARemoteServiceUrl</name>
                <value>http://ccda-scorecard.smartplatforms.org/v1/ccda-scorecard/request</value>
                <read-only>false</read-only>
            </preference>
            <preference>
                <name>SmartCCDARemoteRubricsUrl</name>
                <value>http://ccda-scorecard.smartplatforms.org/v1/ccda-scorecard/rubrics</value>
                <read-only>false</read-only>
            </preference>
		</portlet-preferences>
		<security-role-ref>
			<role-name>administrator</role-name>
		</security-role-ref>
		<security-role-ref>
			<role-name>guest</role-name>
		</security-role-ref>
		<security-role-ref>
			<role-name>power-user</role-name>
		</security-role-ref>
		<security-role-ref>
			<role-name>user</role-name>
		</security-role-ref>
	</portlet>
</portlet-app>